{
  "accuracy": 1.0,
  "precision": 1.0,
  "recall": 1.0,
  "f1_score": 1.0,
  "cv_mean": 0.998,
  "cv_std": 0.0040000000000000036,
  "training_samples": 400,
  "test_samples": 100,
  "success_rate": 0.262,
  "timestamp": "20260131_180839",
  "trained_at": "2026-01-31T18:08:39.471640"
}